planid,plan_name
S5921377000,AARP Medicare Rx Saver from UHC (PDP)
S5921415000,AARP Medicare Rx Preferred from UHC (PDP)
H0432003000,AARP Medicare Advantage from UHC AL-0001 (HMO-POS)
H0432004000,AARP Medicare Advantage from UHC AL-0002 (HMO-POS)
H0432009000,UHC Dual Complete AL-D001 (HMO-POS D-SNP)
H0432012000,AARP Medicare Advantage Patriot No Rx AL-MA01 (HMO-POS)
H0432013000,UHC Dual Complete AL-V001 (HMO-POS D-SNP)
H0432017000,UHC Complete Care AL-5 (HMO-POS C-SNP)
H0710004000,UHC Nursing Home Plan EX-F001 (PPO I-SNP)
H1889009000,UHC Dual Complete AL-D002 (PPO D-SNP)
H1889015000,AARP Medicare Advantage from UHC AL-0004 (PPO)
H2802041000,AARP Medicare Advantage from UHC AL-0003 (HMO-POS)
H2802044000,UHC Dual Complete AL-V002 (HMO-POS D-SNP)
H2802064000,UHC Dual Complete AL-S1 (HMO-POS D-SNP)
H2802079000,AARP Medicare Advantage from UHC AL-6 (HMO-POS)
S5921357000,AARP Medicare Rx Saver from UHC (PDP)
S5921393000,AARP Medicare Rx Preferred from UHC (PDP)
H1889014000,AARP Medicare Advantage from UHC AR-0004 (PPO)
H1889019000,UHC Complete Care AR-5 (PPO C-SNP)
H1889025000,UHC Complete Care AR-6 (PPO C-SNP)
H2001034000,UHC Dual Complete AR-S001 (PPO D-SNP)
H2001035000,UHC Dual Complete AR-V001 (PPO D-SNP)
H2001065000,UHC Dual Complete AR-S2 (PPO D-SNP)
H2802060000,AARP Medicare Advantage Essentials from UHC AR-1 (HMO-POS)
H2802061000,AARP Medicare Advantage from UHC AR-0002 (HMO-POS)
H2802062000,AARP Medicare Advantage Patriot No Rx AR-MA01 (HMO-POS)
H2802063000,AARP Medicare Advantage Giveback from UHC AR-3 (HMO-POS)
H2802078000,AARP Medicare Advantage Extras from UHC AR-7 (HMO-POS)
R3444008000,UHC Complete Care Support AM-1A (Regional PPO C-SNP)
R3444009000,UHC Complete Care AM-1 (Regional PPO C-SNP)
R3444012000,UHC Medicare Advantage AM-0002 (Regional PPO)
S5921364000,AARP Medicare Rx Saver from UHC (PDP)
S5921400000,AARP Medicare Rx Preferred from UHC (PDP)
S5820034000,AARP Medicare Rx Preferred from UHC (PDP)
H0321002000,UHC Dual Complete AZ-S001 (HMO-POS D-SNP)
H0321004000,UHC Dual Complete AZ-Y001 (HMO-POS D-SNP)
H0609025000,AARP Medicare Advantage Essentials from UHC AZ-1 (HMO-POS)
H0609026000,AARP Medicare Advantage Essentials from UHC AZ-2 (HMO-POS)
H0609027000,AARP Medicare Advantage from UHC AZ-002P (HMO-POS)
H0609042000,UHC Complete Care AZ-1P (HMO-POS C-SNP)
H0609043000,UHC Complete Care AZ-3P (HMO-POS C-SNP)
H0609044000,AARP Medicare Advantage from UHC AZ-0003 (HMO-POS)
H0609045000,AARP Medicare Advantage Extras from UHC AZ-4 (HMO-POS)
H0609046000,AARP Medicare Advantage Extras from UHC AZ-5 (HMO-POS)
H0710005000,UHC Nursing Home Plan AZ-F001 (PPO I-SNP)
H2001036000,UHC Complete Care Support AZ-1A (PPO C-SNP)
H2406062000,AARP Medicare Advantage from UHC AZ-0007 (PPO)
H2406063000,AARP Medicare Advantage from UHC AZ-0008 (PPO)
H2406076000,AARP Medicare Advantage from UHC AZ-0010 (PPO)
H2406077000,AARP Medicare Advantage Patriot No Rx AZ-MA01 (PPO)
H2406078000,AARP Medicare Advantage from UHC AZ-0011 (PPO)
H2406129000,AARP Medicare Advantage Access from UHC AZ-15 (PPO)
H5253035000,AARP Medicare Advantage from UHC AZ-0013 (HMO-POS)
H5253036000,AARP Medicare Advantage from UHC AZ-0014 (HMO-POS)
H5253178000,AARP Medicare Advantage CareFlex from UHC AZ-17 (HMO-POS)
S5921380000,AARP Medicare Rx Saver from UHC (PDP)
S5921409000,AARP Medicare Rx Preferred from UHC (PDP)
H0294032000,AARP Medicare Advantage from UHC CA-0024 (PPO)
H0543013000,AARP Medicare Advantage from UHC CA-0001 (HMO-POS)
H0543019000,AARP Medicare Advantage from UHC CA-0002 (HMO-POS)
H0543035000,AARP Medicare Advantage from UHC CA-0005 (HMO-POS)
H0543060000,AARP Medicare Advantage from UHC CA-0007 (HMO-POS)
H0543086000,AARP Medicare Advantage from UHC CA-0008 (HMO-POS)
H0543121000,AARP Medicare Advantage Patriot No Rx CA-MA01 (HMO-POS)
H0543140000,AARP Medicare Advantage from UHC CA-0010 (HMO-POS)
H0543145000,UHC Sharp Medicare Advantage CA-001P (HMO-POS)
H0543151000,AARP Medicare Advantage from UHC CA-003P (HMO-POS)
H0543152000,AARP Medicare Advantage from UHC CA-0012 (HMO-POS)
H0543166000,AARP Medicare Advantage from UHC CA-0015 (HMO-POS)
H0543168000,AARP Medicare Advantage from UHC CA-004P (HMO-POS)
H0543169000,AARP Medicare Advantage from UHC CA-005P (HMO-POS)
H0543170000,AARP Medicare Advantage from UHC CA-006P (HMO-POS)
H0543188000,AARP Medicare Advantage from UHC CA-7 (HMO-POS)
H0543189000,AARP Medicare Advantage from UHC CA-8 (HMO-POS)
H0543191000,AARP Medicare Advantage from UHC CA-9 (HMO-POS)
H0543193000,AARP Medicare Advantage from UHC CA-10 (HMO-POS)
H0543204000,UHC Sharp Medicare Advantage ValueRx CA-12P (HMO-POS)
H0543214000,UHC Complete Care CA-15P (HMO-POS C-SNP)
H0543217000,UHC Complete Care CA-18P (HMO-POS C-SNP)
H0543218000,UHC Complete Care CA-19P (HMO-POS C-SNP)
H0543219000,UHC Complete Care CA-20P (HMO-POS C-SNP)
H0543220000,AARP Medicare Advantage from UHC CA-021P (HMO-POS)
H0543221000,AARP Medicare Advantage from UHC CA-022P (HMO-POS)
H0543222000,AARP Medicare Advantage from UHC CA-023P (HMO-POS)
H0543225000,AARP Medicare Advantage from UHC CA-026P (HMO-POS)
H0543226000,UHC Complete Care CA-27P (HMO-POS C-SNP)
H0543232000,AARP Medicare Advantage from UHC CA-33 (HMO-POS)
H0543236000,AARP Medicare Advantage Giveback from UHC CA-19 (HMO-POS)
H0543237000,AARP Medicare Advantage Giveback from UHC CA-20 (HMO-POS)
H0543238000,AARP Medicare Advantage Giveback from UHC CA-21 (HMO-POS)
H0543239000,UHC Complete Care Support CA-1AP (HMO C-SNP)
H0543240000,UHC Complete Care Support CA-2AP (HMO C-SNP)
H0543241000,UHC Complete Care Support CA-3AP (HMO C-SNP)
H0543242000,UHC Complete Care Support CA-4AP (HMO C-SNP)
H0543246000,UHC Complete Care Support CA-6AP (HMO C-SNP)
H0543249000,UHC Complete Care Support CA-8AP (HMO-POS C-SNP)
H0543251000,AARP Medicare Advantage from UHC CA-37 (HMO-POS)
H0543254000,AARP Medicare Advantage from UHC CA-43 (HMO-POS)
H0543255000,AARP Medicare Advantage from UHC CA-44 (HMO-POS)
H0543258000,AARP Medicare Advantage Patriot No Rx CA-MA2 (HMO-POS)
S5921376000,AARP Medicare Rx Saver from UHC (PDP)
S5921413000,AARP Medicare Rx Preferred from UHC (PDP)
H0609007000,AARP Medicare Advantage from UHC CO-0001 (HMO-POS)
H0609012000,AARP Medicare Advantage Essentials from UHC CO-2 (HMO-POS)
H0609018000,AARP Medicare Advantage Patriot No Rx CO-MA01 (HMO-POS)
H0609034001,AARP Medicare Advantage from UHC CO-0003 (HMO-POS)
H0609034002,AARP Medicare Advantage from UHC CO-0003 (HMO-POS)
H0609036001,AARP Medicare Advantage Essentials from UHC CO-4 (HMO-POS)
H0609036002,AARP Medicare Advantage Essentials from UHC CO-4 (HMO-POS)
H0609041000,AARP Medicare Advantage Patriot No Rx CO-MA02 (HMO-POS)
H0609047000,UHC Complete Care CO-1P (HMO-POS C-SNP)
H0609048000,AARP Medicare Advantage Extras from UHC CO-5 (HMO-POS)
H0609049000,UHC Complete Care CO-2P (HMO-POS C-SNP)
H0609072000,UHC Complete Care CO-19 (HMO-POS C-SNP)
H0609073000,AARP Medicare Advantage Extras from UHC CO-20 (HMO-POS)
H0609079000,AARP Medicare Advantage from UHC CO-21P (HMO-POS)
H0624001000,UHC Dual Complete CO-S002 (HMO-POS D-SNP)
H0624006000,UHC Dual Complete CO-S4 (HMO-POS D-SNP)
H0710007000,UHC Nursing Home Plan CO-F001 (PPO I-SNP)
H2001052000,UHC Dual Complete CO-V001 (PPO D-SNP)
H2001053000,UHC Dual Complete CO-S001 (PPO D-SNP)
H2406104000,AARP Medicare Advantage from UHC CO-0013 (PPO)
H2406110000,AARP Medicare Advantage from UHC CO-0017 (PPO)
H5652001000,Erickson Advantage Signature (HMO-POS)
H5652002000,Erickson Advantage Liberty no Rx (HMO-POS)
H5652003000,Erickson Advantage Guardian (HMO-POS I-SNP)
H5652004000,Erickson Advantage Champion (HMO-POS C-SNP)
H5652006000,Erickson Advantage Freedom (HMO-POS)
H5652008000,Erickson Advantage Liberty (HMO-POS)
H6706001000,AARP Medicare Advantage from UHC CO-0011 (HMO-POS)
S5921372000,AARP Medicare Rx Saver from UHC (PDP)
S5921408000,AARP Medicare Rx Preferred from UHC (PDP)
H0710026000,UHC Nursing Home Plan EX-F003 (PPO I-SNP)
H0755030000,UHC Medicare Advantage CT-0001 (HMO-POS)
H0755031000,UHC Medicare Advantage CT-0002 (HMO-POS)
H0755032000,UHC Medicare Advantage Patriot No Rx CT-MA01 (HMO-POS)
H0755033000,UHC Medicare Advantage CT-0003 (HMO-POS)
H2001031000,UHC Dual Complete CT-S001 (PPO D-SNP)
H2001062000,UHC Dual Complete CT-Q001 (PPO D-SNP)
H2001066000,UHC Dual Complete CT-S2 (PPO D-SNP)
S5921348000,AARP Medicare Rx Saver from UHC (PDP)
S5921385000,AARP Medicare Rx Preferred from UHC (PDP)
H0710032000,UHC Nursing Home Plan EX-F004 (PPO I-SNP)
H2406053000,UHC Dual Choice DC-Y2 (PPO D-SNP)
H2406082000,AARP Medicare Advantage from UHC DC-0002 (PPO)
H2406099000,UHC Dual Choice DC-Q001 (PPO D-SNP)
H7464010000,UHC Dual Choice DC-Y001 (HMO D-SNP)
S5921350000,AARP Medicare Rx Saver from UHC (PDP)
S5921387000,AARP Medicare Rx Preferred from UHC (PDP)
H0710017000,UHC Nursing Home Plan EX-F002 (PPO I-SNP)
H2406075000,AARP Medicare Advantage from UHC DE-0001 (PPO)
H2406100000,AARP Medicare Advantage from UHC DE-0002 (PPO)
H5253142000,AARP Medicare Advantage Essentials from UHC DE-3 (HMO-POS)
H5253143000,AARP Medicare Advantage Patriot No Rx DE-MA01 (HMO-POS)
H5253179000,UHC Complete Care DE-4 (HMO-POS C-SNP)
H5253200000,UHC Complete Care Support DE-5A (HMO-POS C-SNP)
H5253206000,AARP Medicare Advantage Extras from UHC DE-6 (HMO-POS)
H0710010000,UHC Nursing Home Plan FL-F001 (PPO I-SNP)
H0710038000,UHC Nursing Home Plan FL-F002 (PPO I-SNP)
H1045001000,UHC Preferred Medicare Advantage FL-0001 (HMO)
H1045005000,UHC Preferred Medicare Advantage FL-0002 (HMO)
H1045012000,UHC Preferred Dual Complete FL-D001 (HMO D-SNP)
H1045018000,UHC Preferred Complete Care FL-0003 (HMO C-SNP)
H1045025000,UHC The Villages Medicare Advantage FL-0004 (HMO-POS)
H1045026000,AARP Medicare Advantage from UHC FL-0005 (HMO-POS)
H1045028000,AARP Medicare Advantage from UHC FL-0006 (HMO-POS)
H1045030000,AARP Medicare Advantage from UHC FL-0007 (HMO-POS)
H1045031000,AARP Medicare Advantage from UHC FL-0008 (HMO-POS)
H1045033000,AARP Medicare Advantage from UHC FL-0009 (HMO-POS)
H1045034000,AARP Medicare Advantage from UHC FL-0010 (HMO-POS)
H1045036000,AARP Medicare Advantage from UHC FL-001P (HMO-POS)
H1045037000,UHC Preferred Medicare Advantage FL-002P (HMO)
H1045038000,UHC Preferred Dual Complete FL-D01P (HMO D-SNP)
H1045039000,UHC Dual Complete FL-D002 (HMO-POS D-SNP)
H1045041000,AARP Medicare Advantage from UHC FL-0011 (HMO-POS)
H1045042000,AARP Medicare Advantage from UHC FL-0012 (HMO-POS)
H1045043000,AARP Medicare Advantage from UHC FL-0013 (HMO-POS)
H1045045000,AARP Medicare Advantage from UHC FL-003P (HMO-POS)
H1045048001,UHC Complete Care FL-14 (HMO-POS C-SNP)
H1045048002,UHC Complete Care FL-14 (HMO-POS C-SNP)
H1045048003,UHC Complete Care FL-14 (HMO-POS C-SNP)
H1045048004,UHC Complete Care FL-14 (HMO-POS C-SNP)
H1045055000,AARP Medicare Advantage from UHC FL-0015 (HMO-POS)
H1045056000,UHC The Villages Medicare Advantage FL-004P (HMO-POS)
H1045057000,AARP Medicare Advantage CareFlex from UHC FL-32 (HMO-POS)
H1045058000,AARP Medicare Advantage CareFlex from UHC FL-33 (HMO-POS)
H1045059000,AARP Medicare Advantage CareFlex from UHC FL-34 (HMO-POS)
H1045060000,AARP Medicare Advantage CareFlex from UHC FL-35 (HMO-POS)
H1045061000,UHC Preferred Dual Complete FL-V1 (HMO D-SNP)
H1045063000,UHC Preferred Dual Complete FL-Y2 (HMO-POS D-SNP)
H1045064000,UHC Preferred Dual Complete FL-V2 (HMO D-SNP)
H1045065000,UHC Preferred Dual Complete FL-Y3 (HMO-POS D-SNP)
H1045067000,AARP Medicare Advantage CareFlex from UHC FL-37 (HMO-POS)
H1045069000,AARP Medicare Advantage CareFlex from UHC FL-39 (HMO-POS)
H1889002001,UHC Dual Complete FL-D003 (PPO D-SNP)
H1889002002,UHC Dual Complete FL-D003 (PPO D-SNP)
H1889026000,UHC Dual Complete FL-Y4 (PPO D-SNP)
H2406008000,AARP Medicare Advantage from UHC FL-0016 (PPO)
H2406009000,AARP Medicare Advantage from UHC FL-0017 (PPO)
H2406010000,AARP Medicare Advantage from UHC FL-0018 (PPO)
H2406011000,AARP Medicare Advantage from UHC FL-0019 (PPO)
H2406013000,AARP Medicare Advantage from UHC FL-0021 (PPO)
H2406015000,AARP Medicare Advantage from UHC FL-0023 (PPO)
H2406016000,AARP Medicare Advantage from UHC FL-0024 (PPO)
H2406017000,AARP Medicare Advantage from UHC FL-0025 (PPO)
H2406018000,AARP Medicare Advantage from UHC FL-0026 (PPO)
H2406019000,AARP Medicare Advantage from UHC FL-0027 (PPO)
H2406130000,AARP Medicare Advantage Patriot No Rx FL-MA2 (PPO)
H2509001000,UHC Dual Complete FL-Y001 (HMO-POS D-SNP)
H2509002000,UHC Dual Complete FL-D006 (HMO-POS D-SNP)
H2509003000,UHC Dual Complete FL-Y5 (HMO-POS D-SNP)
H5420001000,UHC MedicareMax Medicare Advantage FL-0028 (HMO)
H5420003000,UHC MedicareMax Medicare Advantage FL-0029 (HMO)
H5420006000,UHC MedicareMax Dual Complete FL-D4 (HMO D-SNP)
H5420014000,UHC MedicareMax Complete Care FL-30 (HMO C-SNP)
H5420015000,UHC MedicareMax Dual Complete FL-V3 (HMO D-SNP)
H5420016000,UHC MedicareMax Dual Complete FL-Y6 (HMO-POS D-SNP)
R0759001000,AARP Medicare Advantage from UHC FL-0031 (Regional PPO)
R0759002000,AARP Medicare Advantage Patriot No Rx FL-MA01 (Regional PPO)
R0759003000,UHC Dual Complete FL-D005 (Regional PPO D-SNP)
S5921356000,AARP Medicare Rx Saver from UHC (PDP)
S5921383000,AARP Medicare Rx Preferred from UHC (PDP)
H0710033000,UHC Nursing Home Plan GA-F001 (PPO I-SNP)
H1889013000,UHC Medicare Advantage GA-2 (PPO)
H1889020000,UHC Complete Care GA-3 (PPO C-SNP)
H1889022000,AARP Medicare Advantage Patriot No Rx GA-MA01 (PPO)
H1889028000,UHC Complete Care Support GA-9 (PPO C-SNP)
H2406052000,UHC Dual Complete GA-D001 (PPO D-SNP)
H3256004001,UHC Dual Complete GA-S2 (PPO D-SNP)
H3256004002,UHC Dual Complete GA-S2 (PPO D-SNP)
H3256005001,UHC Dual Complete GA-S1 (PPO D-SNP)
H3256005002,UHC Dual Complete GA-S1 (PPO D-SNP)
H3256006001,UHC Dual Complete GA-V1 (PPO D-SNP)
H3256006002,UHC Dual Complete GA-V1 (PPO D-SNP)
H5322047001,AARP Medicare Advantage from UHC GA-5 (HMO-POS)
H5322047002,AARP Medicare Advantage from UHC GA-5 (HMO-POS)
H5322049001,UHC Dual Complete GA-S3 (HMO-POS D-SNP)
H5322049002,UHC Dual Complete GA-S3 (HMO-POS D-SNP)
H5322050001,UHC Dual Complete GA-D2 (HMO-POS D-SNP)
H5322050002,UHC Dual Complete GA-D2 (HMO-POS D-SNP)
R2604002000,UHC Complete Care Support GS-1A (Regional PPO C-SNP)
R2604005000,UHC Medicare Advantage Patriot No Rx GS-MA01 (Regional PPO)
S5921355000,AARP Medicare Rx Saver from UHC (PDP)
S5921392000,AARP Medicare Rx Preferred from UHC (PDP)
S5820035000,AARP Medicare Rx Preferred from UHC (PDP)
H2406040000,AARP Medicare Advantage from UHC HI-0001 (PPO)
H2406041000,AARP Medicare Advantage Patriot No Rx HI-MA01 (PPO)
H2406058000,AARP Medicare Advantage from UHC HI-0002 (PPO)
H2406059000,AARP Medicare Advantage from UHC HI-0003 (PPO)
H2406093000,AARP Medicare Advantage from UHC HI-0004 (PPO)
H2406094000,AARP Medicare Advantage Patriot No Rx HI-MA02 (PPO)
H2406131000,AARP Medicare Advantage from UHC HI-5 (PPO)
H6824001000,UHC Dual Complete HI-S001 (PPO D-SNP)
H6824002000,UHC Dual Complete HI-Y1 (PPO D-SNP)
S5921381000,AARP Medicare Rx Saver from UHC (PDP)
S5921414000,AARP Medicare Rx Preferred from UHC (PDP)
H0169001000,UHC Dual Complete IA-S001 (HMO-POS D-SNP)
H1278018000,AARP Medicare Advantage Patriot No Rx NE-MA01 (PPO)
H1278020000,AARP Medicare Advantage from UHC NE-0002 (PPO)
H2802001000,AARP Medicare Advantage Essentials from UHC NE-3 (HMO-POS)
H2802074000,AARP Medicare Advantage Extras from UHC NE-5 (HMO-POS)
H5253108002,AARP Medicare Advantage from UHC IA-0002 (HMO-POS)
H5253108003,AARP Medicare Advantage from UHC IA-0002 (HMO-POS)
H5253180000,UHC Complete Care IA-5 (HMO-POS C-SNP)
H5253209000,AARP Medicare Advantage from UHC IA-1 (HMO-POS)
H8768017001,AARP Medicare Advantage from UHC IA-0003 (PPO)
H8768017002,AARP Medicare Advantage from UHC IA-0003 (PPO)
H8768018000,AARP Medicare Advantage Patriot No Rx IA-MA01 (PPO)
S5921370000,AARP Medicare Rx Saver from UHC (PDP)
S5921406000,AARP Medicare Rx Preferred from UHC (PDP)
H2001050000,UHC Complete Care Support ID-1A (PPO C-SNP)
H2406044000,AARP Medicare Advantage from UHC ID-0001 (PPO)
H2406065000,AARP Medicare Advantage from UHC ID-0003 (PPO)
H2406112000,AARP Medicare Advantage from UHC ID-0010 (PPO)
H2406113000,AARP Medicare Advantage from UHC ID-0011 (PPO)
H4032001000,UHC Dual Complete ID-Y1 (HMO-POS D-SNP)
H4032002000,UHC Dual Complete ID-Q1 (HMO-POS D-SNP)
H4604012000,AARP Medicare Advantage from UHC ID-0005 (HMO-POS)
H4604013000,AARP Medicare Advantage from UHC ID-0006 (HMO-POS)
H4604014000,AARP Medicare Advantage from UHC ID-0007 (HMO-POS)
H4604019000,AARP Medicare Advantage Patriot No Rx ID-MA01 (HMO-POS)
H4604020000,AARP Medicare Advantage from UHC ID-0008 (HMO-POS)
H4604022000,AARP Medicare Advantage from UHC ID-0009 (HMO-POS)
H4604024000,UHC Complete Care ID-12 (HMO-POS C-SNP)
H4604025000,UHC Complete Care ID-13 (HMO-POS C-SNP)
S5921375000,AARP Medicare Rx Saver from UHC (PDP)
S5921412000,AARP Medicare Rx Preferred from UHC (PDP)
H0710039000,UHC Nursing Home Plan IL-F001 (PPO I-SNP)
H2001037000,UHC Complete Care Support ST-1A (PPO C-SNP)
H2001038000,UHC Complete Care Support IL-1A (PPO C-SNP)
H2406043000,AARP Medicare Advantage from UHC ST-0001 (PPO)
H2406069000,AARP Medicare Advantage from UHC ST-2 (PPO)
H2802024000,AARP Medicare Advantage Essentials from UHC IL-8 (HMO-POS)
H2802025000,AARP Medicare Advantage from UHC IL-0001 (HMO-POS)
H2802028000,AARP Medicare Advantage Essentials from UHC ST-3 (HMO-POS)
H2802050000,AARP Medicare Advantage Patriot No Rx MO-MA01 (HMO-POS)
H2802052000,AARP Medicare Advantage Extras from UHC ST-4 (HMO-POS)
H2802054000,AARP Medicare Advantage from UHC IL-2 (HMO-POS)
H2802067000,UHC Complete Care Support IL-7 (HMO-POS C-SNP)
H2802071000,AARP Medicare Advantage from UHC ST-1P (HMO-POS)
H2802073000,AARP Medicare Advantage CareFlex from UHC ST-6 (HMO-POS)
H2802075000,AARP Medicare Advantage Extras from UHC IL-9 (HMO-POS)
H5253108001,AARP Medicare Advantage from UHC IA-0002 (HMO-POS)
H8768005000,AARP Medicare Advantage from UHC IL-0004 (PPO)
H8768010000,AARP Medicare Advantage from UHC IL-5 (PPO)
H8768011000,AARP Medicare Advantage from UHC IL-6 (PPO)
H8768019000,AARP Medicare Advantage Patriot No Rx IL-MA01 (PPO)
S5921362000,AARP Medicare Rx Saver from UHC (PDP)
S5921398000,AARP Medicare Rx Preferred from UHC (PDP)
H0710013000,UHC Nursing Home Plan IN-F001 (PPO I-SNP)
H2385001000,UHC Dual Complete IN-S002 (PPO D-SNP)
H2385002000,UHC Dual Complete IN-D001 (PPO D-SNP)
H2385003000,UHC PathWays Dual Care IN-S1 (PPO D-SNP)
H2385004000,UHC PathWays Dual Care IN-S3 (PPO D-SNP)
H2406035000,AARP Medicare Advantage from UHC IN-0001 (PPO)
H2406036000,AARP Medicare Advantage from UHC IN-001P (PPO)
H2406037000,AARP Medicare Advantage from UHC IN-0002 (PPO)
H2406038000,AARP Medicare Advantage from UHC IN-0003 (PPO)
H2406056000,AARP Medicare Advantage from UHC IN-0004 (PPO)
H2406066000,AARP Medicare Advantage from UHC IN-0006 (PPO)
H2406067000,AARP Medicare Advantage from UHC IN-0007 (PPO)
H2406074000,AARP Medicare Advantage Patriot No Rx IN-MA01 (PPO)
H2406087000,AARP Medicare Advantage from UHC IN-0009 (PPO)
H2802007000,AARP Medicare Advantage Essentials from UHC IN-10 (HMO-POS)
H2802008000,AARP Medicare Advantage Essentials from UHC IN-11 (HMO-POS)
H2802010000,AARP Medicare Advantage Essentials from UHC IN-12 (HMO-POS)
H2802012000,AARP Medicare Advantage from UHC IN-13 (HMO-POS)
H2802055000,AARP Medicare Advantage Extras from UHC IN-16 (HMO-POS)
H2802056000,AARP Medicare Advantage Extras from UHC IN-17 (HMO-POS)
H2802058000,AARP Medicare Advantage from UHC IN-19 (HMO-POS)
H2802059000,AARP Medicare Advantage Giveback from UHC IN-20 (HMO-POS)
H2802068000,UHC Complete Care IN-21 (HMO-POS C-SNP)
S5921360000,AARP Medicare Rx Saver from UHC (PDP)
S5921396000,AARP Medicare Rx Preferred from UHC (PDP)
H0169004000,UHC Dual Complete KS-S001 (HMO-POS D-SNP)
H0169010000,UHC Dual Complete KS-Q1 (HMO-POS D-SNP)
H2802032000,AARP Medicare Advantage Extras from UHC KC-2 (HMO-POS)
H2802033000,AARP Medicare Advantage from UHC KC-0003 (HMO-POS)
H2802034000,AARP Medicare Advantage from UHC KS-0001 (HMO-POS)
H2802035000,AARP Medicare Advantage from UHC KS-0002 (HMO-POS)
H2802070000,UHC Complete Care KS-4 (HMO-POS C-SNP)
H2802076000,AARP Medicare Advantage Essentials from UHC KC-6 (HMO-POS)
H2802077000,AARP Medicare Advantage Patriot No Rx KS-MA2 (HMO-POS)
H5322029000,UHC Dual Complete KS-S002 (HMO-POS D-SNP)
H5435001000,UHC MedicareDirect Patriot No Rx PF-MA01 (PFFS)
H5435024000,UHC MedicareDirect PF-0001 (PFFS)
H8768023000,AARP Medicare Advantage Essentials from UHC KC-4 (PPO)
H8768024000,AARP Medicare Advantage from UHC KS-0003 (PPO)
H8768025000,AARP Medicare Advantage Patriot No Rx KS-MA01 (PPO)
H8768039000,AARP Medicare Advantage Extras from UHC KC-5 (PPO)
S5921369000,AARP Medicare Rx Saver from UHC (PDP)
S5921405000,AARP Medicare Rx Preferred from UHC (PDP)
H1889008000,UHC Dual Complete KY-S001 (PPO D-SNP)
H1889030000,UHC Dual Complete KY-S3 (PPO D-SNP)
H5253051000,AARP Medicare Advantage from UHC OH-0001 (HMO-POS)
H5253099000,AARP Medicare Advantage Essentials from UHC KY-1 (HMO-POS)
H5253100000,AARP Medicare Advantage from UHC KY-0002 (HMO-POS)
H5253109002,AARP Medicare Advantage from UHC OH-0003 (HMO-POS)
H5253125001,AARP Medicare Advantage Essentials from UHC OH-7 (HMO-POS)
H5253127000,AARP Medicare Advantage Giveback from UHC KY-4 (HMO-POS)
H5253128000,AARP Medicare Advantage Extras from UHC KY-5 (HMO-POS)
H5253134000,AARP Medicare Advantage Extras from UHC OH-13 (HMO-POS)
H5253182000,UHC Complete Care KY-6 (HMO-POS C-SNP)
H5253190000,UHC Complete Care OH-18 (HMO-POS C-SNP)
H6595003000,UHC Dual Complete KY-V001 (HMO-POS D-SNP)
H6595004000,UHC Dual Complete KY-S002 (HMO-POS D-SNP)
H6595005000,UHC Dual Complete KY-S4 (HMO-POS D-SNP)
H8768013000,AARP Medicare Advantage from UHC KY-0003 (PPO)
H8768020000,AARP Medicare Advantage Patriot No Rx KY-MA01 (PPO)
H8768021000,AARP Medicare Advantage Patriot No Rx OH-MA01 (PPO)
H8768037001,AARP Medicare Advantage from UHC OH-0015 (PPO)
H1889010000,UHC Dual Complete LA-S001 (PPO D-SNP)
H1889031000,UHC Dual Complete LA-S4 (PPO D-SNP)
H1961003000,Peoples Health Secure Health (HMO-POS D-SNP)
H1961014001,Peoples Health Choices 65 (HMO-POS)
H1961014002,Peoples Health Choices 65 (HMO-POS)
H1961014003,Peoples Health Choices 65 (HMO-POS)
H1961014004,Peoples Health Choices 65 (HMO-POS)
H1961017000,Peoples Health Choices Gold (HMO-POS)
H1961019000,Peoples Health Secure Complete (HMO-POS D-SNP)
H1961020000,Peoples Health Medicare Advantage Giveback LA-4 (HMO-POS)
H1961022000,Peoples Health Complete Care LA-5 (HMO-POS C-SNP)
H1961023000,Peoples Health Complete Care LA-6 (HMO-POS C-SNP)
H1961024000,Peoples Health Dual Complete LA-S5 (HMO-POS D-SNP)
H1961025000,Peoples Health Complete Care LA-7 (HMO-POS C-SNP)
H1961026000,Peoples Health Medicare Advantage Patriot No Rx LA (HMO-POS)
H4544001000,Peoples Health Choices (PPO)
H4544002000,Peoples Health Patriot (PPO)
H5008010000,UHC Dual Complete LA-S003 (HMO-POS D-SNP)
S5921366000,AARP Medicare Rx Saver from UHC (PDP)
S5921402000,AARP Medicare Rx Preferred from UHC (PDP)
H2226001000,UHC Senior Care Options MA-Y001 (HMO D-SNP)
H2226003000,UHC Senior Care Options NHC MA-Y002 (HMO D-SNP)
H4610001000,UHC One Care MA-Y3 (HMO D-SNP)
H4610002000,UHC One Care MA-Y4 (HMO D-SNP)
H5253155000,UHC Complete Care MA-7 (HMO-POS C-SNP)
H5253157001,AARP Medicare Advantage from UHC MA-0003 (HMO-POS)
H5253157002,AARP Medicare Advantage from UHC MA-0003 (HMO-POS)
H5253159000,AARP Medicare Advantage CareFlex from UHC MA-9 (HMO-POS)
H8768045000,AARP Medicare Advantage Patriot No Rx MA-MA01 (PPO)
H8768055001,AARP Medicare Advantage from UHC MA-0006 (PPO)
H8768055002,AARP Medicare Advantage from UHC MA-0006 (PPO)
H7464008001,UHC Dual Complete MD-S002 (HMO D-SNP)
H7464008002,UHC Dual Complete MD-S002 (HMO D-SNP)
H7464012000,UHC Dual Complete MD-Q001 (HMO-POS D-SNP)
H2001010000,AARP Medicare Advantage from UHC ME-0003 (PPO)
H2001019000,AARP Medicare Advantage from UHC ME-0005 (PPO)
H2001021000,AARP Medicare Advantage Patriot No Rx ME-MA01 (PPO)
H2001068001,UHC Dual Complete ME-S1 (PPO D-SNP)
H2001068002,UHC Dual Complete ME-S1 (PPO D-SNP)
H2001069001,UHC Dual Complete ME-S2 (PPO D-SNP)
H2001069002,UHC Dual Complete ME-S2 (PPO D-SNP)
H2001083001,AARP Medicare Advantage from UHC ME-0002 (PPO)
H2001083002,AARP Medicare Advantage from UHC ME-0002 (PPO)
H5253161000,UHC Complete Care ME-6 (HMO-POS C-SNP)
H5253162001,UHC Northern Light Health ME-0001 (HMO-POS)
H5253162002,UHC Northern Light Health ME-0001 (HMO-POS)
S5921378000,AARP Medicare Rx Saver from UHC (PDP)
S5921384000,AARP Medicare Rx Preferred from UHC (PDP)
H0294017000,AARP Medicare Advantage from UHC MI-0001 (PPO)
H0294018000,AARP Medicare Advantage from UHC MI-0002 (PPO)
H0294022000,AARP Medicare Advantage Patriot No Rx MI-MA01 (PPO)
H0294048000,UHC Complete Care Support MI-3 (PPO C-SNP)
H2001039000,UHC Dual Complete MI-S001 (PPO D-SNP)
H2247001000,UHC Dual Complete MI-S002 (HMO-POS D-SNP)
H2247003000,UHC Dual Complete MI-V001 (HMO-POS D-SNP)
H2247004000,UHC Dual Complete MI-S3 (HMO D-SNP)
H2247005000,UHC Dual Complete MI-Y1 (HMO D-SNP)
S5921358000,AARP Medicare Rx Saver from UHC (PDP)
S5921394000,AARP Medicare Rx Preferred from UHC (PDP)
H2001116000,AARP Medicare Advantage from UHC MN-0001 (PPO)
H2001117000,AARP Medicare Advantage from UHC MN-0002 (PPO)
H2001118000,AARP Medicare Advantage from UHC FG-0001 (PPO)
H2001119000,AARP Medicare Advantage from UHC FG-0002 (PPO)
H2001120000,AARP Medicare Advantage from UHC FG-0003 (PPO)
H2001123000,AARP Medicare Advantage from UHC MN-0005 (PPO)
H2001124000,AARP Medicare Advantage Patriot No Rx FG-MA01 (PPO)
H2001133000,UHC Complete Care MN-7 (PPO C-SNP)
H2001134000,UHC Complete Care Support MN-8 (PPO C-SNP)
H2001135000,UHC Complete Care Support FG-5 (PPO C-SNP)
H0169002000,UHC Dual Complete MO-S001 (HMO-POS D-SNP)
H0169008000,UHC Dual Complete MO-V001 (HMO-POS D-SNP)
H0169009000,UHC Dual Complete MO-S3 (HMO-POS D-SNP)
H0710016000,UHC Nursing Home Plan MO-F001 (PPO I-SNP)
H2001040000,UHC Dual Complete MO-S002 (PPO D-SNP)
H2001055000,UHC Complete Care MO-1 (PPO C-SNP)
H2406068000,AARP Medicare Advantage from UHC MO-0002 (PPO)
H2802029000,AARP Medicare Advantage from UHC MO-0003 (HMO-POS)
H2802030000,AARP Medicare Advantage Essentials from UHC MO-4 (HMO-POS)
H2802031000,AARP Medicare Advantage from UHC MO-0005 (HMO-POS)
H2802048000,AARP Medicare Advantage from UHC MO-0006 (HMO-POS)
H2802049000,AARP Medicare Advantage from UHC MO-0007 (HMO-POS)
H2802072000,AARP Medicare Advantage Extras from UHC MO-10 (HMO-POS)
H8768026000,AARP Medicare Advantage from UHC MO-0008 (PPO)
H8768027000,AARP Medicare Advantage from UHC MO-0009 (PPO)
S5921363000,AARP Medicare Rx Saver from UHC (PDP)
S5921399000,AARP Medicare Rx Preferred from UHC (PDP)
S5820036000,AARP Medicare Rx Preferred from UHC (PDP)
H1889011000,UHC Dual Complete MS-S001 (PPO D-SNP)
H1889032000,UHC Dual Complete MS-S3 (PPO D-SNP)
H5008011000,UHC Dual Complete MS-S002 (HMO-POS D-SNP)
H5008016000,UHC Dual Complete MS-V001 (HMO-POS D-SNP)
H5008017000,UHC Dual Complete MS-S4 (HMO-POS D-SNP)
H5253141000,AARP Medicare Advantage from UHC MS-0001 (HMO-POS)
H5253183000,UHC Complete Care MS-6 (HMO-POS C-SNP)
H8768030000,AARP Medicare Advantage from UHC MS-0002 (PPO)
H8768031000,AARP Medicare Advantage Patriot No Rx MS-MA01 (PPO)
H8768034000,AARP Medicare Advantage from UHC MS-0003 (PPO)
H8768040000,AARP Medicare Advantage Giveback from UHC MS-4 (PPO)
S5921365000,AARP Medicare Rx Saver from UHC (PDP)
S5921401000,AARP Medicare Rx Preferred from UHC (PDP)
H2001041000,UHC Dual Complete MT-S001 (PPO D-SNP)
H8211007000,AARP Medicare Advantage from UHC MT-0001 (PPO)
H8211009000,AARP Medicare Advantage from UHC MT-0002 (PPO)
H8211010000,AARP Medicare Advantage Patriot No Rx MT-MA01 (PPO)
H8211012000,AARP Medicare Advantage Access from UHC MT-3 (PPO)
H0710034000,UHC Nursing Home Plan NC-F001 (PPO I-SNP)
H1889005000,UHC Dual Complete NC-S001 (PPO D-SNP)
H1889034000,UHC Dual Complete NC-S2 (PPO D-SNP)
H2001084000,AARP Medicare Advantage Access from UHC NC-23 (PPO)
H2001090000,AARP Medicare Advantage from UHC NC-0001 (PPO)
H2001102000,AARP Medicare Advantage from UHC NC-0004 (PPO)
H2001103000,AARP Medicare Advantage Patriot No Rx NC-MA01 (PPO)
H2406034000,AARP Medicare Advantage from UHC NC-0016 (PPO)
H2406098000,AARP Medicare Advantage from UHC NC-0017 (PPO)
H2406115000,AARP Medicare Advantage from UHC NC-0019 (PPO)
H5253037000,AARP Medicare Advantage from UHC NC-0021 (HMO-POS)
H5253038000,AARP Medicare Advantage from UHC NC-0022 (HMO-POS)
H5253039000,AARP Medicare Advantage from UHC NC-0007 (HMO-POS)
H5253040000,AARP Medicare Advantage Patriot No Rx NC-MA02 (HMO-POS)
H5253041000,UHC Dual Complete NC-D001 (HMO-POS D-SNP)
H5253079000,AARP Medicare Advantage from UHC NC-0008 (HMO-POS)
H5253080000,AARP Medicare Advantage from UHC NC-0009 (HMO-POS)
H5253103000,AARP Medicare Advantage from UHC NC-0011 (HMO-POS)
H5253104000,AARP Medicare Advantage from UHC NC-0012 (HMO-POS)
H5253105000,AARP Medicare Advantage Giveback from UHC NC-13 (HMO-POS)
H5253110000,AARP Medicare Advantage Giveback from UHC NC-14 (HMO-POS)
H5253116000,UHC Dual Complete NC-V001 (HMO-POS D-SNP)
H5253117000,AARP Medicare Advantage from UHC NC-0015 (HMO-POS)
H5253184000,UHC Dual Complete NC-S3 (HMO-POS D-SNP)
H5253185000,AARP Medicare Advantage from UHC NC-24 (HMO-POS)
H5253186000,UHC Complete Care NC-25 (HMO-POS C-SNP)
H5253187000,AARP Medicare Advantage from UHC NC-26 (HMO-POS)
H5253188000,UHC Complete Care NC-27 (HMO-POS C-SNP)
H5253189000,UHC Complete Care NC-28 (HMO-POS C-SNP)
S5921353000,AARP Medicare Rx Saver from UHC (PDP)
S5921390000,AARP Medicare Rx Preferred from UHC (PDP)
H2001085000,UHC Dual Complete ND-S1 (PPO D-SNP)
H0169003000,UHC Dual Complete NE-S001 (HMO-POS D-SNP)
H0169006000,UHC Dual Complete NE-V001 (HMO-POS D-SNP)
H2001054000,UHC Dual Complete NE-S002 (PPO D-SNP)
H2001139000,AARP Medicare Advantage Patriot No Rx SI-MA2 (PPO)
H2802053000,UHC Dual Complete NE-S003 (HMO-POS D-SNP)
H2001028000,UHC Medicare Advantage NH-001A (PPO)
H5253166000,UHC Complete Care Support NH-2A (HMO-POS C-SNP)
H5253207000,AARP Medicare Advantage from UHC NH-2 (HMO-POS)
H5253208000,AARP Medicare Advantage from UHC NH-1 (HMO-POS)
H8768048000,AARP Medicare Advantage Patriot No Rx NH-MA1 (PPO)
H8768061000,AARP Medicare Advantage from UHC NH-0004 (PPO)
H8768062000,AARP Medicare Advantage from UHC NH-0003 (PPO)
H0755037000,AARP Medicare Advantage Patriot No Rx NJ-MA01 (HMO-POS)
H0755038000,AARP Medicare Advantage Essentials from UHC NJ-1 (HMO-POS)
H0755044000,AARP Medicare Advantage from UHC NJ-0002 (HMO-POS)
H0755045000,AARP Medicare Advantage from UHC NJ-0003 (HMO-POS)
H0755046000,AARP Medicare Advantage Extras from UHC NJ-7 (HMO-POS)
H3113005000,UHC Dual Complete NJ-Y001 (HMO D-SNP)
H8768022000,AARP Medicare Advantage from UHC NJ-0004 (PPO)
H8768035000,AARP Medicare Advantage from UHC NJ-0005 (PPO)
H8768058000,AARP Medicare Advantage from UHC NJ-6 (PPO)
H8768059000,AARP Medicare Advantage Patriot No Rx NJ-MA2 (PPO)
S5921349000,AARP Medicare Rx Saver from UHC (PDP)
S5921386000,AARP Medicare Rx Preferred from UHC (PDP)
H0294049000,UHC Dual Complete NM-Y1 (PPO D-SNP)
H0294050000,UHC Dual Complete NM-S1 (PPO D-SNP)
H0294051000,UHC Dual Complete NM-V1 (PPO D-SNP)
H2001042000,UHC Complete Care Support NM-1A (PPO C-SNP)
H2001043000,UHC Complete Care Support EP-1A (PPO C-SNP)
H2001044000,UHC Complete Care Support NM-2A (PPO C-SNP)
H2001070000,UHC Complete Care NM-11 (PPO C-SNP)
H2406039000,AARP Medicare Advantage Essentials from UHC EP-1 (PPO)
H2406054000,AARP Medicare Advantage from UHC NM-0001 (PPO)
H2406055000,AARP Medicare Advantage from UHC NM-0002 (PPO)
H2406080000,AARP Medicare Advantage Patriot No Rx NM-MA01 (PPO)
H2406088000,AARP Medicare Advantage from UHC NM-0003 (PPO)
H2406089000,AARP Medicare Advantage from UHC NM-0004 (PPO)
H2406090000,AARP Medicare Advantage from UHC NM-0005 (PPO)
H2406091000,AARP Medicare Advantage from UHC NM-0006 (PPO)
H2406092000,AARP Medicare Advantage Patriot No Rx NM-MA02 (PPO)
H2406096000,AARP Medicare Advantage Giveback from UHC NM-7 (PPO)
H2406097000,AARP Medicare Advantage Giveback from UHC NM-8 (PPO)
H2406119000,AARP Medicare Advantage Giveback from UHC EP-2 (PPO)
H2406121000,AARP Medicare Advantage Extras from UHC EP-3 (PPO)
H2406135000,AARP Medicare Advantage from UHC EP-4 (PPO)
H4604027000,AARP Medicare Advantage from UHC NM-0009 (HMO-POS)
H4604028000,AARP Medicare Advantage from UHC NM-0010 (HMO-POS)
S5921371000,AARP Medicare Rx Saver from UHC (PDP)
S5921407000,AARP Medicare Rx Preferred from UHC (PDP)
H0609028000,AARP Medicare Advantage from UHC NV-0001 (HMO-POS)
H0609031000,AARP Medicare Advantage from UHC NV-0002 (HMO-POS)
H0609032000,UHC Medicare Advantage NV-001P (HMO-POS)
H0609033000,AARP Medicare Advantage from UHC NV-0003 (HMO-POS)
H0609037000,UHC Complete Care NV-4 (HMO-POS C-SNP)
H0609038000,AARP Medicare Advantage Essentials ValueRx NV-5 (HMO-POS)
H0609040000,AARP Medicare Advantage from UHC NV-0006 (HMO-POS)
H0609075000,AARP Medicare Advantage Extras ValueRx NV-10 (HMO-POS)
H0609076000,UHC Complete Care Support NV-11 (HMO-POS C-SNP)
H1360001000,UHC Dual Complete NV-S001 (HMO-POS D-SNP)
H1360002000,UHC Dual Complete NV-S4 (HMO-POS D-SNP)
H1360003000,UHC Dual Complete NV-S5 (HMO-POS D-SNP)
H1889012000,UHC Dual Complete NV-S002 (PPO D-SNP)
H1889035000,UHC Dual Complete NV-S3 (PPO D-SNP)
H2001125000,AARP Medicare Advantage from UHC NV-0007 (PPO)
H2001126000,AARP Medicare Advantage Patriot No Rx NV-MA01 (PPO)
H2001127000,AARP Medicare Advantage Giveback from UHC NV-8 (PPO)
H2001132000,AARP Medicare Advantage from UHC NV-0009 (PPO)
S5921373000,AARP Medicare Rx Saver from UHC (PDP)
S5921410000,AARP Medicare Rx Preferred from UHC (PDP)
H2001063001,UHC Dual Complete NY-S001 (PPO D-SNP)
H2001063002,UHC Dual Complete NY-S001 (PPO D-SNP)
H2292001000,UHC Nursing Home Plan NY-F001 (PPO I-SNP)
H2292002000,UHC Nursing Home Plan NY-F002 (PPO I-SNP)
H3379001000,AARP Medicare Advantage from UHC NY-0005 (HMO-POS)
H3379039000,AARP Medicare Advantage from UHC NY-0006 (HMO-POS)
H3379040000,AARP Medicare Advantage from UHC NY-0007 (HMO-POS)
H3379043000,AARP Medicare Advantage from UHC NY-0009 (HMO-POS)
H3379052000,AARP Medicare Advantage from UHC NY-29 (HMO-POS)
H3379053000,UHC Complete Care NY-30 (HMO-POS C-SNP)
H3379054000,UHC Complete Care NY-31 (HMO-POS C-SNP)
H3379056000,UHC Complete Care NY-33 (HMO-POS C-SNP)
H3379059000,AARP Medicare Advantage from UHC NY-34 (HMO-POS)
H3379060000,AARP Medicare Advantage Patriot No Rx NY-MA3 (HMO-POS)
H3387013000,UHC Dual Complete NY-Y001 (HMO-POS D-SNP)
H3387014001,UHC Dual Complete NY-S002 (HMO-POS D-SNP)
H3387014002,UHC Dual Complete NY-S002 (HMO-POS D-SNP)
H3387015001,UHC Dual Complete NY-Q001 (HMO-POS D-SNP)
H3387015002,UHC Dual Complete NY-Q001 (HMO-POS D-SNP)
H3387017000,UHC Dual Complete NY-S4 (HMO-POS D-SNP)
H3418001000,AARP Medicare Advantage from UHC NY-0012 (PPO)
H3418002000,AARP Medicare Advantage from UHC NY-0013 (PPO)
H3418004000,AARP Medicare Advantage from UHC NY-0015 (PPO)
H3418008000,AARP Medicare Advantage from UHC NY-0019 (PPO)
S5921379000,AARP Medicare Rx Saver from UHC (PDP)
S5921382000,AARP Medicare Rx Preferred from UHC (PDP)
H0710027000,UHC Nursing Home Plan OH-F001 (PPO I-SNP)
H0710057000,UHC Care Advantage OH-E001 (PPO I-SNP)
H1285001000,UHC Dual Complete OH-S2 (HMO D-SNP)
H1285002000,UHC Dual Complete OH-S3 (HMO-POS D-SNP)
H2001058000,UHC Dual Complete OH-D1 (PPO D-SNP)
H5253059000,UHC Dual Complete OH-D001 (HMO D-SNP)
H5253062000,AARP Medicare Advantage Essentials from UHC OH-2 (HMO-POS)
H5253109001,AARP Medicare Advantage from UHC OH-0003 (HMO-POS)
H5253109004,AARP Medicare Advantage from UHC OH-0003 (HMO-POS)
H5253122000,UHC Dual Complete OH-V001 (HMO D-SNP)
H5253124001,AARP Medicare Advantage Essentials from UHC OH-6 (HMO-POS)
H5253124002,AARP Medicare Advantage Essentials from UHC OH-6 (HMO-POS)
H5253125002,AARP Medicare Advantage Essentials from UHC OH-7 (HMO-POS)
H5253126001,AARP Medicare Advantage Extras from UHC OH-8 (HMO-POS)
H5253126002,AARP Medicare Advantage Extras from UHC OH-8 (HMO-POS)
H5253130000,AARP Medicare Advantage Extras from UHC OH-9 (HMO-POS)
H5253131000,AARP Medicare Advantage Extras from UHC OH-10 (HMO-POS)
H5253132000,AARP Medicare Advantage Extras from UHC OH-11 (HMO-POS)
H5253133000,AARP Medicare Advantage Extras from UHC OH-12 (HMO-POS)
H5253135000,AARP Medicare Advantage Giveback from UHC OH-17 (HMO-POS)
H5253144001,AARP Medicare Advantage Essentials from UHC OH-5 (HMO-POS)
H5253144002,AARP Medicare Advantage Essentials from UHC OH-5 (HMO-POS)
H5253201000,AARP Medicare Advantage from UHC OH-18 (HMO-POS)
H5322028000,UHC Dual Complete OH-D002 (HMO-POS D-SNP)
H5322034000,UHC Dual Complete OH-V002 (HMO-POS D-SNP)
H8768007000,AARP Medicare Advantage from UHC OH-0014 (PPO)
H8768037002,AARP Medicare Advantage from UHC OH-0015 (PPO)
H8768063000,AARP Medicare Advantage from UHC OH-0016 (PPO)
S5921359000,AARP Medicare Rx Saver from UHC (PDP)
S5921395000,AARP Medicare Rx Preferred from UHC (PDP)
H0710052000,UHC Nursing Home Plan OK-F001 (PPO I-SNP)
H2001056000,UHC Dual Complete OK-S001 (PPO D-SNP)
H5253171000,AARP Medicare Advantage from UHC OK-0001 (HMO-POS)
H5253172000,AARP Medicare Advantage from UHC OK-0002 (HMO-POS)
H5253173000,AARP Medicare Advantage Essentials from UHC OK-3 (HMO-POS)
H5253174000,AARP Medicare Advantage from UHC OK-0004 (HMO-POS)
H5253175000,UHC Complete Care OK-8 (HMO-POS C-SNP)
H5253176000,UHC Complete Care OK-9 (HMO-POS C-SNP)
H5253204000,AARP Medicare Advantage Extras from UHC OK-8 (HMO-POS)
H5253205000,AARP Medicare Advantage Patriot No Rx OK-MA2 (HMO-POS)
H5322031000,UHC Dual Complete OK-S002 (HMO-POS D-SNP)
H5322033000,UHC Dual Complete OK-V001 (HMO-POS D-SNP)
H8768008000,AARP Medicare Advantage from UHC OK-0005 (PPO)
H8768009000,AARP Medicare Advantage from UHC OK-0006 (PPO)
H8768016000,AARP Medicare Advantage from UHC OK-0007 (PPO)
H8768028000,AARP Medicare Advantage Patriot No Rx OK-MA01 (PPO)
S5921368000,AARP Medicare Rx Saver from UHC (PDP)
S5921404000,AARP Medicare Rx Preferred from UHC (PDP)
H0710036000,UHC Nursing Home Plan OR-F001 (PPO I-SNP)
H0710037000,UHC Care Advantage OR-E001 (PPO I-SNP)
H2001045000,UHC Complete Care Support OR-1A (PPO C-SNP)
H2406042000,AARP Medicare Advantage from UHC OR-0001 (PPO)
H2406070000,AARP Medicare Advantage from UHC OR-0002 (PPO)
H2406073000,AARP Medicare Advantage Patriot No Rx OR-MA01 (PPO)
H3805001000,AARP Medicare Advantage from UHC OR-0003 (HMO-POS)
H3805039001,AARP Medicare Advantage Essentials from UHC OR-4 (HMO-POS)
H3805039002,AARP Medicare Advantage Essentials from UHC OR-4 (HMO-POS)
H3805040000,UHC Complete Care OR-5 (HMO-POS C-SNP)
H3805041000,AARP Medicare Advantage Extras from UHC OR-6 (HMO-POS)
S5921374000,AARP Medicare Rx Saver from UHC (PDP)
S5921411000,AARP Medicare Rx Preferred from UHC (PDP)
H1889007000,UHC Dual Complete PA-S001 (PPO D-SNP)
H2001110000,AARP Medicare Advantage from UHC PA-0015 (PPO)
H2406046000,AARP Medicare Advantage from UHC PA-0007 (PPO)
H2406047000,AARP Medicare Advantage from UHC PA-0008 (PPO)
H2406048000,AARP Medicare Advantage from UHC PA-0009 (PPO)
H2406071000,AARP Medicare Advantage from UHC PA-0010 (PPO)
H2406072000,AARP Medicare Advantage from UHC PA-0011 (PPO)
H2406101000,AARP Medicare Advantage Giveback from UHC PA-12 (PPO)
H3113009000,UHC Dual Complete PA-S002 (HMO-POS D-SNP)
H3113014000,UHC Dual Complete PA-V001 (HMO-POS D-SNP)
H3113016000,UHC Dual Complete PA-S3 (HMO-POS D-SNP)
H5253145000,AARP Medicare Advantage from UHC PA-0001 (HMO-POS)
H5253146000,AARP Medicare Advantage from UHC PA-0002 (HMO-POS)
H5253147000,AARP Medicare Advantage from UHC PA-0003 (HMO-POS)
H5253152000,AARP Medicare Advantage Patriot No Rx PA-MA01 (HMO-POS)
H5253154000,AARP Medicare Advantage Essentials from UHC PA-5 (HMO-POS)
H5253192000,UHC Complete Care PA-17 (HMO-POS C-SNP)
H5253203000,AARP Medicare Advantage Extras from UHC PA-18 (HMO-POS)
S5921351000,AARP Medicare Rx Saver from UHC (PDP)
S5921388000,AARP Medicare Rx Preferred from UHC (PDP)
S5820037000,AARP Medicare Rx Preferred from UHC (PDP)
H0710035000,UHC Nursing Home Plan RI-F001 (PPO I-SNP)
H0764001000,UHC Dual Complete RI-S001 (PPO D-SNP)
H2272001000,UHC Dual Complete RI-V001 (HMO-POS D-SNP)
H2272003000,UHC Dual Complete RI-S3 (HMO-POS D-SNP)
H3113010000,UHC Dual Complete RI-S002 (HMO-POS D-SNP)
H5253148000,AARP Medicare Advantage from UHC RI-0001 (HMO-POS)
H5253149000,AARP Medicare Advantage Patriot No Rx RI-MA01 (HMO-POS)
H5253150000,AARP Medicare Advantage from UHC RI-0002 (HMO-POS)
H5253168000,UHC Complete Care RI-4 (HMO-POS C-SNP)
H5253169000,AARP Medicare Advantage CareFlex from UHC RI-5 (HMO-POS)
H8768046000,AARP Medicare Advantage from UHC RI-0003 (PPO)
H0710053000,UHC Nursing Home Plan SC-F001 (PPO I-SNP)
H2001032000,UHC Dual Complete SC-S001 (PPO D-SNP)
H2001059000,UHC Dual Complete SC-V001 (PPO D-SNP)
H2001060000,UHC Complete Care SC-1 (PPO C-SNP)
H2001075000,UHC Dual Complete SC-S2 (PPO D-SNP)
H2001076000,UHC Complete Care Support SC-7 (PPO C-SNP)
H2001108000,AARP Medicare Advantage from UHC SC-0004 (PPO)
H5322040000,AARP Medicare Advantage from UHC SC-0005 (HMO-POS)
H5322043000,AARP Medicare Advantage Patriot No Rx SC-MA01 (HMO-POS)
H5322044000,AARP Medicare Advantage from UHC SC-0006 (HMO-POS)
S5921354000,AARP Medicare Rx Saver from UHC (PDP)
S5921391000,AARP Medicare Rx Preferred from UHC (PDP)
H2001046000,UHC Dual Complete SD-Q1 (PPO D-SNP)
H2001077000,UHC Dual Complete SD-S2 (PPO D-SNP)
H0251002000,UHC Dual Complete TN-S001 (HMO-POS D-SNP)
H0251004000,UHC Dual Complete TN-Y001 (HMO-POS D-SNP)
H0251008000,UHC Dual Complete TN-Y2 (HMO-POS D-SNP)
H2001094000,AARP Medicare Advantage from UHC TN-0002 (PPO)
H2001104000,UHC Medicare Advantage TC-0001 (PPO)
H5253047000,AARP Medicare Advantage from UHC TC-0002 (HMO-POS)
H5253048000,AARP Medicare Advantage from UHC TC-0003 (HMO-POS)
H5253081000,AARP Medicare Advantage from UHC TN-0003 (HMO-POS)
H5253082000,AARP Medicare Advantage from UHC TN-0004 (HMO-POS)
H5253084000,AARP Medicare Advantage from UHC TN-0006 (HMO-POS)
H5253113000,AARP Medicare Advantage Patriot No Rx TC-MA01 (HMO-POS)
H5253121000,AARP Medicare Advantage Giveback from UHC TC-4 (HMO-POS)
H5253193001,UHC Complete Care TC-0005 (HMO-POS C-SNP)
H5253193002,UHC Complete Care TC-0005 (HMO-POS C-SNP)
H5253194001,UHC Complete Care Support TC-6 (HMO-POS C-SNP)
H5253194002,UHC Complete Care Support TC-6 (HMO-POS C-SNP)
H0609050000,AARP Medicare Advantage Essentials from UHC TX-21 (HMO-POS)
H0609051000,AARP Medicare Advantage Essentials from UHC TX-22 (HMO-POS)
H0609052000,UHC Dual Complete TX-D004 (HMO-POS D-SNP)
H0609054000,AARP Medicare Advantage from UHC TX-23 (HMO-POS)
H0609055000,AARP Medicare Advantage Patriot No Rx TX-MA02 (HMO-POS)
H0609056000,AARP Medicare Advantage Patriot No Rx TX-MA03 (HMO-POS)
H0609058000,UHC Complete Care TX-24 (HMO-POS C-SNP)
H0609059000,AARP Medicare Advantage from UHC TX-25 (HMO-POS)
H0609060000,AARP Medicare Advantage Essentials from UHC TX-26 (HMO-POS)
H0609061000,AARP Medicare Advantage Extras from UHC TX-27 (HMO-POS)
H0609062000,UHC Complete Care TX-3P (HMO-POS C-SNP)
H0609063000,AARP Medicare Advantage Extras from UHC TX-28 (HMO-POS)
H0609065000,UHC Dual Complete TX-V007 (HMO-POS D-SNP)
H0609066000,AARP Medicare Advantage Giveback from UHC TX-39 (HMO-POS)
H0609067000,AARP Medicare Advantage Giveback from UHC TX-40 (HMO-POS)
H0609068000,AARP Medicare Advantage Giveback from UHC TX-41 (HMO-POS)
H0609070000,AARP Medicare Advantage from UHC TX-0042 (HMO-POS)
H0609071000,AARP Medicare Advantage from UHC TX-0043 (HMO-POS)
H0609077000,AARP Medicare Advantage CareFlex from UHC TX-44 (HMO-POS)
H0609078000,AARP Medicare Advantage CareFlex from UHC TX-45 (HMO-POS)
H0609080000,AARP Medicare Advantage Extras from UHC TX-48 (HMO-POS)
H0710020000,UHC Nursing Home Plan TX-F001 (PPO I-SNP)
H1278003000,AARP Medicare Advantage from UHC TX-0001 (PPO)
H1278005000,AARP Medicare Advantage from UHC TX-0003 (PPO)
H1278010000,AARP Medicare Advantage from UHC TX-0004 (PPO)
H1278013000,AARP Medicare Advantage from UHC TX-0005 (PPO)
H1278014000,AARP Medicare Advantage from UHC TX-0006 (PPO)
H1278015000,AARP Medicare Advantage from UHC TX-0007 (PPO)
H1278016000,AARP Medicare Advantage from UHC TX-0008 (PPO)
H1278021000,AARP Medicare Advantage Giveback from UHC TX-31 (PPO)
H1278024000,AARP Medicare Advantage Giveback from UHC TX-34 (PPO)
H1278025000,AARP Medicare Advantage Patriot No Rx TX-MA06 (PPO)
H1278026000,AARP Medicare Advantage Patriot No Rx TX-MA04 (PPO)
H1278027000,AARP Medicare Advantage Patriot No Rx TX-MA05 (PPO)
H2406050000,UHC Dual Complete TX-D001 (PPO D-SNP)
H3868001000,UHC Dual Complete TX-Y1 (HMO-POS D-SNP)
H4514007000,AARP Medicare Advantage from UHC TX-0009 (HMO-POS)
H4514014000,AARP Medicare Advantage from UHC TX-001P (HMO-POS)
H4514015000,UHC Complete Care TX-2P (HMO-POS C-SNP)
H4514016000,UHC Dual Complete TX-D01P (HMO-POS D-SNP)
H4514017000,AARP Medicare Advantage from UHC TX-0010 (HMO-POS)
H4514018000,UHC Dual Complete TX-V01P (HMO-POS D-SNP)
H4514021000,UHC Dual Complete TX-S003 (HMO-POS D-SNP)
H4514022000,AARP Medicare Advantage from UHC TX-4P (HMO-POS)
H4514023000,UHC Dual Complete TX-D002 (HMO-POS D-SNP)
H4514024000,UHC Dual Complete TX-Q3 (HMO-POS D-SNP)
H4527001000,AARP Medicare Advantage Essentials from UHC TX-11 (HMO-POS)
H4527002000,AARP Medicare Advantage Essentials from UHC TX-12 (HMO-POS)
H4527003000,UHC Dual Complete TX-V002 (HMO-POS D-SNP)
H4527005000,AARP Medicare Advantage from UHC TX-0013 (HMO-POS)
H4527013000,AARP Medicare Advantage Essentials from UHC TX-14 (HMO-POS)
H4527015000,UHC Dual Complete TX-D003 (HMO-POS D-SNP)
H4527024000,AARP Medicare Advantage Patriot No Rx TX-MA01 (HMO-POS)
H4527037000,AARP Medicare Advantage from UHC TX-0015 (HMO-POS)
H4527039000,UHC Complete Care TX-16 (HMO-POS C-SNP)
H4527040000,UHC Complete Care TX-17 (HMO-POS C-SNP)
H4527041000,UHC Complete Care TX-18 (HMO-POS C-SNP)
H4527042000,UHC Complete Care TX-19 (HMO-POS C-SNP)
H4527045000,AARP Medicare Advantage from UHC TX-0020 (HMO-POS)
H4527048000,AARP Medicare Advantage Giveback from UHC TX-35 (HMO-POS)
H4527051000,AARP Medicare Advantage Giveback from UHC TX-38 (HMO-POS)
H4527052000,AARP Medicare Advantage from UHC TX-46 (HMO-POS)
H4527053000,AARP Medicare Advantage CareFlex from UHC TX-47 (HMO-POS)
H4527054000,UHC Dual Complete TX-S4 (HMO-POS D-SNP)
H4527055000,AARP Medicare Advantage Extras from UHC TX-50 (HMO-POS)
H4527056000,AARP Medicare Advantage Extras from UHC TX-52 (HMO-POS)
H4527057000,UHC Dual Complete TX-Q2 (HMO-POS D-SNP)
H4527058000,AARP Medicare Advantage from UHC TX-51 (HMO-POS)
H4527059000,AARP Medicare Advantage Extras from UHC TX-53 (HMO-POS)
H5322025000,UHC Dual Complete TX-D007 (HMO-POS D-SNP)
H5322026000,UHC Dual Complete TX-V005 (HMO-POS D-SNP)
H5322038000,UHC Dual Complete TX-V010 (HMO-POS D-SNP)
H5322046000,UHC Dual Complete TX-S5 (HMO-POS D-SNP)
R6801008000,UHC Complete Care Support TX-1A (Regional PPO C-SNP)
R6801009000,UHC Complete Care TX-29 (Regional PPO C-SNP)
R6801011000,UHC Dual Complete TX-S001 (Regional PPO D-SNP)
R6801012000,UHC Medicare Advantage TX-0030 (Regional PPO)
S5921367000,AARP Medicare Rx Saver from UHC (PDP)
S5921403000,AARP Medicare Rx Preferred from UHC (PDP)
H0710051000,UHC Nursing Home Plan UT-F001 (PPO I-SNP)
H2001017000,AARP Medicare Advantage from UHC UT-0001 (PPO)
H2001023000,AARP Medicare Advantage from UHC UT-0002 (PPO)
H2001047000,UHC Dual Complete UT-S001 (PPO D-SNP)
H2001048000,UHC Dual Complete UT-V001 (PPO D-SNP)
H2001128000,AARP Medicare Advantage from UHC UT-0008 (PPO)
H2001131000,AARP Medicare Advantage Giveback from UHC UT-9 (PPO)
H4604003000,AARP Medicare Advantage from UHC UT-0003 (HMO-POS)
H4604005000,AARP Medicare Advantage Patriot No Rx UT-MA01 (HMO-POS)
H4604011000,AARP Medicare Advantage Essentials from UHC UT-4 (HMO-POS)
H4604016000,AARP Medicare Advantage from UHC UT-0005 (HMO-POS)
H4604017000,UHC Complete Care UT-6 (HMO-POS C-SNP)
H4604018000,AARP Medicare Advantage Extras UT-7 (HMO-POS)
H4604026000,UHC Dual Complete UT-S2 (HMO-POS D-SNP)
H0421001000,UHC Dual Complete VA-Y4 (PPO D-SNP)
H1659002000,UHC Medicare Advantage VA-0001 (PPO)
H2001095000,AARP Medicare Advantage from UHC VA-0003 (PPO)
H2001096000,AARP Medicare Advantage from UHC VA-0004 (PPO)
H2001097000,AARP Medicare Advantage from UHC VA-0005 (PPO)
H2001098000,AARP Medicare Advantage from UHC VA-0006 (PPO)
H2001099000,AARP Medicare Advantage Patriot No Rx VA-MA01 (PPO)
H2001109000,AARP Medicare Advantage from UHC VA-0007 (PPO)
H2001115000,AARP Medicare Advantage Access from UHC VA-20 (PPO)
H2406125000,AARP Medicare Advantage from UHC VA-0018 (PPO)
H2445001000,UHC Dual Complete VA-Y001 (HMO-POS D-SNP)
H2445002000,UHC Dual Complete VA-Q001 (HMO-POS D-SNP)
H2445003000,UHC Dual Complete VA-Y002 (HMO-POS D-SNP)
H2445004000,UHC Dual Complete VA-V001 (HMO-POS D-SNP)
H2445005000,UHC Dual Complete VA-Y3 (HMO-POS D-SNP)
H5253087000,AARP Medicare Advantage from UHC VA-0008 (HMO-POS)
H5253088000,AARP Medicare Advantage from UHC VA-0009 (HMO-POS)
H5253089000,AARP Medicare Advantage from UHC VA-0010 (HMO-POS)
H5253111001,AARP Medicare Advantage from UHC VA-0011 (HMO-POS)
H5253111002,AARP Medicare Advantage from UHC VA-0011 (HMO-POS)
H5253112001,AARP Medicare Advantage from UHC VA-0012 (HMO-POS)
H5253112002,AARP Medicare Advantage from UHC VA-0012 (HMO-POS)
H5253119000,AARP Medicare Advantage Giveback from UHC VA-13 (HMO-POS)
H5253120000,AARP Medicare Advantage from UHC VA-0014 (HMO-POS)
H5253195000,UHC Complete Care VA-21 (HMO-POS C-SNP)
H5253196000,UHC Complete Care VA-22 (HMO-POS C-SNP)
H5253197000,UHC Complete Care VA-23 (HMO-POS C-SNP)
S5921352000,AARP Medicare Rx Saver from UHC (PDP)
S5921389000,AARP Medicare Rx Preferred from UHC (PDP)
S5820038000,AARP Medicare Rx Preferred from UHC (PDP)
H0710030000,UHC Care Advantage WA-E001 (PPO I-SNP)
H0710031000,UHC Nursing Home Plan WA-F001 (PPO I-SNP)
H1278028000,AARP Medicare Advantage from UHC WA-0001 (PPO)
H1278029000,AARP Medicare Advantage from UHC WA-0002 (PPO)
H1278030000,AARP Medicare Advantage from UHC WA-0003 (PPO)
H1278031000,AARP Medicare Advantage Patriot No Rx WA-MA01 (PPO)
H1278032000,AARP Medicare Advantage from UHC WA-0004 (PPO)
H2001051000,UHC Dual Complete WA-S5 (PPO D-SNP)
H2001078000,UHC Dual Complete WA-S1 (PPO D-SNP)
H2001079000,UHC Dual Complete WA-Q1 (PPO D-SNP)
H2001080000,UHC Dual Complete WA-V2 (PPO D-SNP)
H2001081000,UHC Dual Complete WA-S2 (PPO D-SNP)
H2001087000,AARP Medicare Advantage from UHC WA-12 (PPO)
H2001136000,AARP Medicare Advantage from UHC WA-16 (PPO)
H2001137000,AARP Medicare Advantage from UHC WA-17 (PPO)
H2001138000,AARP Medicare Advantage Access from UHC WA-11 (PPO)
H3805015000,AARP Medicare Advantage from UHC WA-0005 (HMO-POS)
H3805017000,AARP Medicare Advantage Essentials from UHC WA-6 (HMO-POS)
H3805032000,AARP Medicare Advantage Essentials from UHC WA-7 (HMO-POS)
H3805033000,AARP Medicare Advantage Essentials from UHC WA-8 (HMO-POS)
H3805034000,AARP Medicare Advantage from UHC WA-0009 (HMO-POS)
H3805035000,AARP Medicare Advantage Patriot No Rx WA-MA02 (HMO-POS)
H3805037000,AARP Medicare Advantage from UHC WA-0010 (HMO-POS)
H3805043000,UHC Complete Care WA-13 (HMO-POS C-SNP)
H3805044000,AARP Medicare Advantage Extras from UHC WA-14 (HMO-POS)
H3805045000,AARP Medicare Advantage Extras from UHC WA-15 (HMO-POS)
H5008002000,UHC Dual Complete WA-S6 (HMO-POS D-SNP)
H5008015000,UHC Dual Complete WA-V001 (HMO-POS D-SNP)
H5008018000,UHC Dual Complete WA-S3 (HMO-POS D-SNP)
H5008019000,UHC Dual Complete WA-Q2 (HMO-POS D-SNP)
H5008020000,UHC Dual Complete WA-S4 (HMO-POS D-SNP)
H0294002000,UHC Complete Care WI-1 (PPO C-SNP)
H0294004000,AARP Medicare Advantage from UHC WI-0002 (PPO)
H0294014000,AARP Medicare Advantage Patriot No Rx WI-MA01 (PPO)
H0294015000,AARP Medicare Advantage from UHC WI-6 (PPO)
H0294016000,AARP Medicare Advantage from UHC WI-0007 (PPO)
H0294027000,UHC Dual Complete WI-D001 (PPO D-SNP)
H3794002000,UHC Dual Complete WI-D002 (HMO-POS D-SNP)
H3794004000,UHC Dual Complete WI-V001 (HMO-POS D-SNP)
H3794006000,UHC Dual Complete WI-D3 (HMO-POS D-SNP)
H5253004000,AARP Medicare Advantage from UHC WI-0010 (HMO-POS)
H5253007000,UHC Nursing Home Plan WI-F001 (HMO-POS I-SNP)
H5253011000,AARP Medicare Advantage from UHC WI-0011 (HMO-POS)
H5253021000,AARP Medicare Advantage Patriot No Rx WI-MA02 (HMO-POS)
H5253024000,UHC Dual Complete WI-D003 (HMO-POS D-SNP)
H5253030000,AARP Medicare Advantage from UHC WI-0012 (HMO-POS)
H5253033000,AARP Medicare Advantage Essentials from UHC WI-13 (HMO-POS)
H5253034000,AARP Medicare Advantage from UHC WI-0014 (HMO-POS)
H5253064000,UHC Care Advantage WI-E001 (HMO-POS I-SNP)
H5253072000,AARP Medicare Advantage from UHC WI-0015 (HMO-POS)
H5253097000,AARP Medicare Advantage from UHC WI-0017 (HMO-POS)
H5253198000,AARP Medicare Advantage CareFlex from UHC WI-18 (HMO-POS)
H5253199000,AARP Medicare Advantage Extras from UHC WI-19 (HMO-POS)
H5253202000,UHC Complete Care WI-20 (HMO-POS C-SNP)
S5921361000,AARP Medicare Rx Saver from UHC (PDP)
S5921397000,AARP Medicare Rx Preferred from UHC (PDP)
H2001030000,UHC Dual Complete WV-S001 (PPO D-SNP)
H2001061000,UHC Dual Complete WV-V001 (PPO D-SNP)
H2001082000,UHC Dual Complete WV-S2 (PPO D-SNP)
H8211001000,AARP Medicare Advantage from UHC WV-0001 (PPO)
H8211005000,AARP Medicare Advantage Patriot No Rx WV-MA01 (PPO)
H8211006000,AARP Medicare Advantage from UHC WV-0003 (PPO)
H8211011000,AARP Medicare Advantage from UHC WV-0004 (PPO)
H1889016000,AARP Medicare Advantage from UHC WY-0001 (PPO)
H1889017000,AARP Medicare Advantage from UHC WY-0002 (PPO)
H1889018000,UHC Medicare Advantage Patriot No Rx WY-MA01 (PPO)
H2001049000,UHC Dual Complete WY-S001 (PPO D-SNP)
A01,Plan A
B01,Plan B
C01,Plan C
F01,Plan F
G01,Plan G
K01,Plan K
L01,Plan L
N01,Plan N
GS1,Select Plan G
NS1,Select Plan N
A01,Plan A + wellness extras
A02,Plan A
B01,Plan B + wellness extras
C01,Plan C + wellness extras
F01,Plan F + wellness extras
F02,Plan F
G01,Plan G + wellness extras
G02,Plan G
GS1,Select Plan G + wellness extras
K01,Plan K + wellness extras
L01,Plan L + wellness extras
N01,Plan N + wellness extras
N02,Plan N
NS1,Select Plan N + wellness extras
G02,G02
MV1,Supplement 1A Plan
MX1,Core Plan
MY1,Supplement 1 Plan
RW1,Extended Basic 2020 Plan
TW1,Basic Plan
UW1,Extended Basic Plan
C02,Plan C
D01,Plan D + wellness extras
D02,Plan D
